餃子,レシピ,4
餃子,材,2
餃子,料,2
餃子,豚,2
餃子,ひき肉,2
餃子,べつ,1
餃子,ねぎ,1
餃子,にんにく,2
餃子,量,1
餃子,ごま油,2
餃子,大さじ,9
餃子,酒,2
餃子,醤油,2
餃子,小さじ,2
餃子,砂糖,1
餃子,鶏,1
餃子,スープ,1
餃子,塩,2
餃子,こしょう,2
餃子,適量,3
餃子,餃子,13
餃子,皮,5
餃子,片栗粉,2
餃子,ジューシー,1
餃子,他,1
餃子,分量,2
餃子,大判,1
餃子,半量,1
餃子,試し,1
餃子,ゆ,2
餃子,ぅ,2
餃子,作り方,2
餃子,みじん切り,3
餃子,キャベツ,3
餃子,水分,2
餃子,ボール,1
餃子,粘り気,2
餃子,回り,1
餃子,水,4
餃子,具,2
餃子,皿,1
餃子,底,1
餃子,フライパン,2
餃子,サラダ油,2
餃子,焼き,2
餃子,蓋,2
餃子,バッド,1
餃子,隣,2
餃子,ＯＫ,1
餃子,コーナー,2
餃子,きっかけ,1
餃子,定番,1
餃子,野菜,1
餃子,水切り,1
餃子,ジュワ,1
餃子,シューシー,1
餃子,OK,1
餃子,挽き肉,1
餃子,ニラ,2
餃子,タマネギ,2
餃子,ニンニク,1
餃子,オイスターソース,1
餃子,ゴマ油,1
餃子,黒,1
餃子,お湯,2
餃子,カップ,1
餃子,県民,2
餃子,店,1
餃子,自宅,1
餃子,uzuratukune,2
餃子,肉,1
餃子,真ん中,1
餃子,ふち,1
餃子,油,1
餃子,フタ,2
餃子,強火,1
餃子,音,1
餃子,きつね,1
餃子,Pickup,1
餃子,レシパー,1
餃子,cm×,0
餃子,両面,0
餃子,かつお,0
餃子,生地,0
餃子,カレー,0
餃子,プレート,0
餃子,鍋,0
餃子,千切り,0
餃子,ホット,0
餃子,写真,0
餃子,出汁,0
餃子,紅生姜,0
餃子,生い立ち,0
餃子,シチュー,0
餃子,コロモグ,0
餃子,リメイク,0
餃子,独り暮らし,0
餃子,みじん,0
餃子,中,0
餃子,粉末,0
餃子,かつお節,0
餃子,火加減,0
餃子,コツ,0
餃子,旨味,0
餃子,お好み焼き,0
餃子,鉄板,0
餃子,とろ火,0
餃子,大きめ,0
餃子,卵,0
餃子,マヨネーズ,0
餃子,材料,0
餃子,天,0
餃子,火,0
餃子,水炊き,0
餃子,g,0
餃子,ジャガイモ,0
餃子,ソース,0
餃子,好み,0
餃子,かす,0
餃子,小麦粉,0
餃子,型,0
餃子,方法,0
餃子,形,0
餃子,ゅう,0
餃子,ポイント,0
餃子,だし,0
餃子,紅しょうが,0
餃子,まち,0
餃子,家庭,0
餃子,お鍋,0
餃子,冷蔵庫,0
餃子,余り,0
餃子,用,0
餃子,もつ,0
餃子,残り,0
餃子,バラ,0
餃子,cm,0
餃子,仕上げ,0
餃子,弱火,0
餃子,長芋,0
餃子,間,0
餃子,あと,0
餃子,旅情,0
餃子,木の葉,0
餃子,基本,0
餃子,イラスト,0
餃子,動画,0
餃子,カロリー,0
餃子,kcal,0
餃子,食塩,0
餃子,白菜,0
餃子,生姜,0
餃子,代わり,0
餃子,コレ,0
餃子,おまかせ,0
餃子,モランボン,0
餃子,手作り,0
餃子,素,0
餃子,g×,0
餃子,本格,0
餃子,商品,0
餃子,メニュー,0
餃子,味,0
餃子,ひとつひとつ,0
餃子,左手,0
餃子,中央,0
餃子,端,0
餃子,右手,0
餃子,人差し指,0
餃子,上,0
餃子,ひだ,0
餃子,親指,0
餃子,部分,0
餃子,包み,0
餃子,両端,0
餃子,指,0
餃子,山,0
餃子,１つ,0
餃子,左側,0
餃子,中火,0
餃子,色,0
餃子,程度,0
餃子,蒸し焼き,0
餃子,高温,0
お好み焼き,余り,1
お好み焼き,お鍋,2
お好み焼き,リメイク,1
お好み焼き,方法,1
お好み焼き,お好み焼き,4
お好み焼き,だし,4
お好み焼き,まち,2
お好み焼き,ゅう,2
お好み焼き,旅情,2
お好み焼き,材料,3
お好み焼き,鍋,3
お好み焼き,残り,2
お好み焼き,具,6
お好み焼き,豚,3
お好み焼き,バラ,3
お好み焼き,肉,3
お好み焼き,適量,9
お好み焼き,キャベツ,6
お好み焼き,紅生姜,2
お好み焼き,天,2
お好み焼き,卵,5
お好み焼き,生地,5
お好み焼き,用,1
お好み焼き,小麦粉,3
お好み焼き,好み,5
お好み焼き,ソース,3
お好み焼き,マヨネーズ,3
お好み焼き,油,2
お好み焼き,分量,1
お好み焼き,ボール,2
お好み焼き,冷蔵庫,1
お好み焼き,みじん,1
お好み焼き,紅しょうが,1
お好み焼き,みじん切り,1
お好み焼き,かす,1
お好み焼き,鉄板,1
お好み焼き,ホット,1
お好み焼き,プレート,1
お好み焼き,形,1
お好み焼き,かつお,2
お好み焼き,中,1
お好み焼き,火,1
お好み焼き,両面,2
お好み焼き,仕上げ,1
お好み焼き,コツ,1
お好み焼き,ポイント,2
お好み焼き,水分,1
お好み焼き,水炊き,1
お好み焼き,もつ,1
お好み焼き,あと,1
お好み焼き,家庭,1
お好み焼き,作り方,1
お好み焼き,レシピ,1
お好み焼き,生い立ち,1
お好み焼き,シチュー,1
お好み焼き,カレー,1
お好み焼き,旨味,1
お好み焼き,独り暮らし,1
お好み焼き,長芋,1
お好み焼き,コロモグ,1
お好み焼き,ジャガイモ,2
お好み焼き,大きめ,1
お好み焼き,g,1
お好み焼き,水,1
お好み焼き,出汁,1
お好み焼き,粉末,1
お好み焼き,ごま油,3
お好み焼き,かつお節,1
お好み焼き,写真,3
お好み焼き,千切り,1
お好み焼き,cm,3
お好み焼き,cm×,1
お好み焼き,フライパン,1
お好み焼き,型,1
お好み焼き,弱火,1
お好み焼き,とろ火,1
お好み焼き,間,1
お好み焼き,火加減,1
お好み焼き,大さじ,0
お好み焼き,底,0
お好み焼き,塩,0
お好み焼き,きつね,0
お好み焼き,県民,0
お好み焼き,店,0
お好み焼き,粘り気,0
お好み焼き,フタ,0
お好み焼き,野菜,0
お好み焼き,砂糖,0
お好み焼き,ニラ,0
お好み焼き,小さじ,0
お好み焼き,大判,0
お好み焼き,自宅,0
お好み焼き,試し,0
お好み焼き,隣,0
お好み焼き,醤油,0
お好み焼き,ＯＫ,0
お好み焼き,音,0
お好み焼き,ねぎ,0
お好み焼き,サラダ油,0
お好み焼き,鶏,0
お好み焼き,ジュワ,0
お好み焼き,半量,0
お好み焼き,OK,0
お好み焼き,バッド,0
お好み焼き,オイスターソース,0
お好み焼き,挽き肉,0
お好み焼き,タマネギ,0
お好み焼き,材,0
お好み焼き,片栗粉,0
お好み焼き,カップ,0
お好み焼き,餃子,0
お好み焼き,きっかけ,0
お好み焼き,ニンニク,0
お好み焼き,定番,0
お好み焼き,スープ,0
お好み焼き,酒,0
お好み焼き,お湯,0
お好み焼き,コーナー,0
お好み焼き,ジューシー,0
お好み焼き,料,0
お好み焼き,真ん中,0
お好み焼き,ぅ,0
お好み焼き,べつ,0
お好み焼き,レシパー,0
お好み焼き,他,0
お好み焼き,水切り,0
お好み焼き,シューシー,0
お好み焼き,黒,0
お好み焼き,皿,0
お好み焼き,ゆ,0
お好み焼き,強火,0
お好み焼き,にんにく,0
お好み焼き,蓋,0
お好み焼き,ひき肉,0
お好み焼き,Pickup,0
お好み焼き,量,0
お好み焼き,回り,0
お好み焼き,皮,0
お好み焼き,uzuratukune,0
お好み焼き,こしょう,0
お好み焼き,ゴマ油,0
お好み焼き,ふち,0
お好み焼き,焼き,0
お好み焼き,木の葉,0
お好み焼き,基本,0
お好み焼き,イラスト,0
お好み焼き,動画,0
お好み焼き,カロリー,0
お好み焼き,kcal,0
お好み焼き,食塩,0
お好み焼き,白菜,0
お好み焼き,生姜,0
お好み焼き,代わり,0
お好み焼き,コレ,0
お好み焼き,おまかせ,0
お好み焼き,モランボン,0
お好み焼き,手作り,0
お好み焼き,素,0
お好み焼き,g×,0
お好み焼き,本格,0
お好み焼き,商品,0
お好み焼き,メニュー,0
お好み焼き,味,0
お好み焼き,ひとつひとつ,0
お好み焼き,左手,0
お好み焼き,中央,0
お好み焼き,端,0
お好み焼き,右手,0
お好み焼き,人差し指,0
お好み焼き,上,0
お好み焼き,ひだ,0
お好み焼き,親指,0
お好み焼き,部分,0
お好み焼き,包み,0
お好み焼き,両端,0
お好み焼き,指,0
お好み焼き,山,0
お好み焼き,１つ,0
お好み焼き,左側,0
お好み焼き,中火,0
お好み焼き,色,0
お好み焼き,程度,0
お好み焼き,蒸し焼き,0
お好み焼き,高温,0
